<?xml version="1.0"?>
<config xmlns:xsi="http://www.w3.org/2001/XMLSchema-instance" xsi:noNamespaceSchemaLocation="urn:magento:module:Magento_Config:etc/system_file.xsd">
    <system>
        <tab id="rvsdisabledaddtocart" translate="label" sortOrder="10">
            <label>Disabled Add to cart</label>
        </tab>
        <section id="disabledaddtocart" translate="label" sortOrder="130" showInDefault="1" showInWebsite="1" showInStore="1">
            <class>separator-top</class>
            <label>Disabled Add to cart</label>
            <tab>rvsdisabledaddtocart</tab>
            <resource>Rvs_DisableAddToCart::disabledaddtocart_config</resource>
            <group id="disabledcart" translate="label" type="text" sortOrder="10" showInDefault="1" showInWebsite="1" showInStore="1">
                <label>Disabled AddCart Button</label>
                <field id="enable" translate="label" type="select" sortOrder="1" showInDefault="1" showInWebsite="1" showInStore="1">
                    <label>Module Enable</label>
                    <source_model>Magento\Config\Model\Config\Source\Yesno</source_model>
                </field>
                <field id="disabled_text" translate="label" type="text" sortOrder="1" showInDefault="1" showInWebsite="1" showInStore="1">
                    <label>Disabled Text</label>
                    <comment>This text will display on the frontend.</comment>
                </field>
				<field id="disabled_from" translate="label" type="select" sortOrder="1" showInDefault="1" showInWebsite="1" showInStore="1">
                    <label>Disabled Time From</label>
					<source_model>Rvs\DisableAddToCart\Model\Config\Source\DisableFrom</source_model>
                </field>
				<field id="disabled_to" translate="label" type="select" sortOrder="1" showInDefault="1" showInWebsite="1" showInStore="1">
                    <label>Disabled Time To</label>
					<source_model>Rvs\DisableAddToCart\Model\Config\Source\DisableTo</source_model>
                </field>				
            </group>
        </section>
    </system>
</config>