<?xml version="1.0"?>

<config xmlns:xsi="http://www.w3.org/2001/XMLSchema-instance" xsi:noNamespaceSchemaLocation="urn:magento:module:Magento_Config:etc/system_file.xsd">
    <system>
        <section id="checkout" translate="label" type="text" sortOrder="305" showInDefault="1" showInWebsite="1" showInStore="1">
            <class>separator-top</class>
            <label>Checkout</label>
            <tab>sales</tab>
            <resource>Rvs_HideShippingMethod::config_hideshippingmethod</resource>
            <group id="rvs_hideshippingmethod" translate="label" sortOrder="140" showInDefault="1" showInWebsite="1" showInStore="1">

                <label>Hide Shipping Method</label>
                <field id="enabled" translate="label" type="select" sortOrder="10" showInDefault="1" showInWebsite="1" showInStore="1">
                    <label>Enabled</label>
                    <source_model>Magento\Config\Model\Config\Source\Yesno</source_model>
                    <comment><![CDATA[Disable the module temporarily.]]></comment>
                </field>



                <field id="customer" translate="label" type="select" sortOrder="30" showInDefault="1" showInWebsite="1" showInStore="1">
                    <label>Customers Only</label>
                    <source_model>Magento\Config\Model\Config\Source\Yesno</source_model>
                    <comment>Available for logged in customers only. Default: No.</comment>
                    <depends>
                        <field id="enabled">1</field>
                    </depends>
                </field>
            </group>
        </section>
    </system>
</config>